Workbook
Name Area: #REF!
Name Area: #REF!
Name CoreData_Area_Keys: #REF!
Name CoreData_Dataset_Keys: #REF!
Name CoreData_Dir_Keys: #REF!
Name CoreData_Energy_Keys: #REF!
Name CoreData_Indicies: #REF!
Name CoreData_Tech_Keys: #REF!
Name Dataset: #REF!
Name Dir: #REF!
Name Dir: #REF!
Name Energy: #REF!
Name Energy: #REF!
Name Tech: #REF!
Name Tech: #REF!

Sheet AllTechs
A1: WindTurbine
A2: SolarPV
A3: ElectricStorage
A4: Electrolysis_12_1
A5: Electrolysis_12_2
A6: MethanolSynthesis
A7: Digester
A8: BiogasUpgrade
A9: CO2Liquefaction
A10: CO2Storage
A11: CO2Compressor
A12: H2Comp_STO
... A15: Boiler

Sheet TechsIncluded
A1: WindTurbine
A2: SolarPV
A3: ElectricStorage
A4: Electrolysis_12_1
A5: Electrolysis_12_2
A6: MethanolSynthesis
A7: Digester
A8: BiogasUpgrade
A9: CO2Liquefaction
A10: CO2Storage
A11: CO2Compressor
A12: H2Comp_STO
... A15: Boiler

Sheet Location
A1: Area | B1: Tech
A2: Skive | B2: WindTurbine
A3: Skive | B3: SolarPV
A4: Skive | B4: ElectricStorage
A5: Skive | B5: Electrolysis_12_1
A6: Skive | B6: Electrolysis_12_2
A7: Skive | B7: MethanolSynthesis
A8: Skive | B8: Digester
A9: Skive | B9: BiogasUpgrade
A10: Skive | B10: CO2Liquefaction
A11: Skive | B11: CO2Storage
A12: Skive | B12: CO2Compressor
... A16: Skive | B16: Boiler

Sheet Flowset
A1: AreaFrom | B1: AreaTo | C1: Fuel
A2: DK1 | B2: Skive | C2: Wind
A3: DK1 | B3: Skive | C3: Solar
A4: DK1 | B4: Skive | C4: Electricity
A5: DK1 | B5: Skive | C5: NatGas
A6: Skive | B6: DK1 | C6: Electricity
A7: Skive | B7: DK1 | C7: Heat
A8: Skive | B8: DK1 | C8: Methanol
A9: Skive | B9: DK1 | C9: Biomethane
A10: Skive | B10: DK1 | C10: CO2
A11: Skive | B11: DK1 | C11: H2

Sheet Carriermix
B1: MW | C1: MW | D1: MW | E1: tons | F1: tons | G1: tons | H1: tons | I1: tons | J1: tons | K1: m3 | L1: MW | M1: MW | N1: MW | O1: tons | P1: tons | Q1: tons | R1: MW | S1: tons | T1: tons | U1: tons | V1: tons | W1: m3 | X1: m3
B2: Import | C2: Import | D2: Import | E2: Import | F2: Import | G2: Import | H2: Import | I2: Import | J2: Import | K2: Import | L2: Import | M2: Import | N2: Export | O2: Export | P2: Export | Q2: Export | R2: Export | S2: Export | T2: Export | U2: Export | V2: Export | W2: Export | X2: Export
B3: Wind | C3: Solar | D3: Electricity | E3: H2 | F3: H2_STO | G3: H2_MeOH | H3: CO2 | I3: CO2_Liq | J3: CO2_Comp | K3: Biogas | L3: NatGas | M3: Heat | N3: Electricity | O3: H2 | P3: H2_STO | Q3: H2_MeOH | R3: Heat | S3: CO2 | T3: CO2_Comp | U3: CO2_Liq | V3: Methanol | W3: Biogas | X3: Biomethane
B4: =_xlfn.CONCAT(B2,".",B3) -> Import.Wind | C4: =_xlfn.CONCAT(C2,".",C3) -> Import.Solar | D4: =_xlfn.CONCAT(D2,".",D3) -> Import.Electricity | E4: =_xlfn.CONCAT(E2,".",E3) -> Import.H2 | F4: =_xlfn.CONCAT(F2,".",F3) -> Import.H2_STO | G4: =_xlfn.CONCAT(G2,".",G3) -> Import.H2_MeOH | H4: =_xlfn.CONCAT(H2,".",H3) -> Import.CO2 | I4: =_xlfn.CONCAT(I2,".",I3) -> Import.CO2_Liq | ... X4: =_xlfn.CONCAT(X2,".",X3) -> Export.Biomethane
A5: WindTurbine | B5: 1.05 | N5: 1
A6: SolarPV | C6: 1.05 | N6: 1
A7: ElectricStorage | D7: 1.0526316 | N7: 1
A8: Electrolysis_12_1 | D8: 53.6 | O8: 1
A9: Electrolysis_12_2 | D9: 53.6 | O9: 1
A10: MethanolSynthesis | D10: 0.1 | G10: 0.192 | J10: 1.4 | M10: 0.321 | V10: 1
A11: Digester | D11: =0.099/1000 -> 9.9e-05 | M11: =0.237/1000 -> 0.000237 | W11: 1
A12: BiogasUpgrade | D12: =0.151/1000 -> 0.000151 | K12: =1/(0.574*0.9905) -> 1.7588695 | M12: =0.822/1000 -> 0.000822 | S12: 0.00147 | X12: 1
A13: CO2Liquefaction | D13: =137/1000 -> 0.137 | H13: 1 | U13: 1
A14: CO2Storage | I14: 1 | U14: 1
A15: CO2Compressor | D15: 0.07 | I15: 1 | T15: 1
A16: H2Comp_STO | D16: 1.2 | E16: 1 | P16: 1
A17: H2Storage | F17: 1 | Q17: 1
A18: H2Comp_MeOH | D18: 0.45 | E18: 1 | Q18: 1
A19: Boiler | D19: =0.12/100 -> 0.0012 | L19: =1/0.94 -> 1.0638298 | R19: 1

Sheet Techdata
B1: %of X/h | C1: X/h | D1: %load/h | E1: %x | F1: %x | G1: x hours | H1: x hours | I1: euro/ x | J1: euro
B2: Minimum | C2: Capacity | D2: RampRate | E2: CapacityUP | F2: CapacityDown | G2: StorageCap | H2: InitialVolume | I2: VariableOmcost | J2: StartupCost
A3: WindTurbine | C3: 53.85 | I3: 2.06
A4: SolarPV | C4: 30 | I4: 0
A5: ElectricStorage | C5: 44 | G5: =C5 -> 44 | H5: 1 | I5: 0
A6: Electrolysis_12_1 | B6: 0.2 | C6: 0.11194 | D6: 0.9 | E6: 0.1 | F6: 0.1 | I6: 0 | J6: 0
A7: Electrolysis_12_2 | B7: 0.2 | C7: 0.11194 | D7: 0.9 | E7: 0.1 | F7: 0.1 | I7: 0 | J7: 0
A8: MethanolSynthesis | B8: 0.4 | C8: =C6*2/0.192 -> 1.1660417 | D8: 0.9 | I8: 0 | J8: 0
A9: Digester | C9: =C10*[1]Carriermix!K12 -> 3814.8997 | I9: 0.025
A10: BiogasUpgrade | C10: =19000000/8760 -> 2168.9498 | I10: 0.025
A11: CO2Liquefaction | C11: 2
A12: CO2Storage | C12: =C11*6 -> 12 | G12: =C12 -> 12 | H12: 1
A13: CO2Compressor | C13: =C8*[1]Carriermix!J10 -> 1.6324583
A14: H2Comp_STO | C14: =C6+C7 -> 0.22388
A15: H2Storage | C15: =C14*24 -> 5.37312 | G15: =C15 -> 5.37312 | H15: 1
A16: H2Comp_MeOH | C16: =C6+C7 -> 0.22388
A17: Boiler | B17: 0.15 | C17: 5 | D17: 1 | I17: 0.9 | J17: 0

Sheet Profile
A1: Hour | B1: WindTurbine | C1: SolarPV | D1: ElectricStorage | E1: Electrolysis_12_1 | F1: Electrolysis_12_2 | G1: MethanolSynthesis | H1: Digester | I1: BiogasUpgrade | J1: CO2Liquefaction | K1: CO2Storage | L1: H2Storage | M1: CO2Compressor | N1: H2Comp_STO | O1: H2Storage | P1: H2Comp_MeOH | Q1: Boiler
A2: T0001 | B2: 0.95 | C2: 0 | D2: 1 | E2: 1 | F2: 1 | G2: 1 | H2: 1 | I2: 1 | J2: 1 | K2: 1 | L2: 1 | M2: 1 | N2: 1 | O2: 1 | P2: 1 | Q2: 1
A3: T0002 | B3: 0.95 | C3: 0 | D3: 1 | E3: 1 | F3: 1 | G3: 1 | H3: 1 | I3: 1 | J3: 1 | K3: 1 | L3: 1 | M3: 1 | N3: 1 | O3: 1 | P3: 1 | Q3: 1
A4: T0003 | B4: 0.95 | C4: 0 | D4: 1 | E4: 1 | F4: 1 | G4: 1 | H4: 1 | I4: 1 | J4: 1 | K4: 1 | L4: 1 | M4: 1 | N4: 1 | O4: 1 | P4: 1 | Q4: 1
A5: T0004 | B5: 0.95 | C5: 0 | D5: 1 | E5: 1 | F5: 1 | G5: 1 | H5: 1 | I5: 1 | J5: 1 | K5: 1 | L5: 1 | M5: 1 | N5: 1 | O5: 1 | P5: 1 | Q5: 1
A6: T0005 | B6: 0.95 | C6: 0 | D6: 1 | E6: 1 | F6: 1 | G6: 1 | H6: 1 | I6: 1 | J6: 1 | K6: 1 | L6: 1 | M6: 1 | N6: 1 | O6: 1 | P6: 1 | Q6: 1
A7: T0006 | B7: 0.95 | C7: 0 | D7: 1 | E7: 1 | F7: 1 | G7: 1 | H7: 1 | I7: 1 | J7: 1 | K7: 1 | L7: 1 | M7: 1 | N7: 1 | O7: 1 | P7: 1 | Q7: 1
A8: T0007 | B8: 0.95 | C8: 0 | D8: 1 | E8: 1 | F8: 1 | G8: 1 | H8: 1 | I8: 1 | J8: 1 | K8: 1 | L8: 1 | M8: 1 | N8: 1 | O8: 1 | P8: 1 | Q8: 1
A9: T0008 | B9: 0.95 | C9: 0 | D9: 1 | E9: 1 | F9: 1 | G9: 1 | H9: 1 | I9: 1 | J9: 1 | K9: 1 | L9: 1 | M9: 1 | N9: 1 | O9: 1 | P9: 1 | Q9: 1
A10: T0009 | B10: 0.95 | C10: 0 | D10: 1 | E10: 1 | F10: 1 | G10: 1 | H10: 1 | I10: 1 | J10: 1 | K10: 1 | L10: 1 | M10: 1 | N10: 1 | O10: 1 | P10: 1 | Q10: 1
A11: T0010 | B11: 0.95 | C11: 0.0966 | D11: 1 | E11: 1 | F11: 1 | G11: 1 | H11: 1 | I11: 1 | J11: 1 | K11: 1 | L11: 1 | M11: 1 | N11: 1 | O11: 1 | P11: 1 | Q11: 1
A12: T0011 | B12: 0.95 | C12: 0.2324 | D12: 1 | E12: 1 | F12: 1 | G12: 1 | H12: 1 | I12: 1 | J12: 1 | K12: 1 | L12: 1 | M12: 1 | N12: 1 | O12: 1 | P12: 1 | Q12: 1
A13: T0012 | B13: 0.95 | C13: 0.3112 | D13: 1 | E13: 1 | F13: 1 | G13: 1 | H13: 1 | I13: 1 | J13: 1 | K13: 1 | L13: 1 | M13: 1 | N13: 1 | O13: 1 | P13: 1 | Q13: 1
... A8761: T8760 | B8761: 0.8129 | C8761: 0 | D8761: 1 | E8761: 1 | F8761: 1 | G8761: 1 | H8761: 1 | I8761: 1 | J8761: 1 | K8761: 1 | L8761: 1 | M8761: 1 | N8761: 1 | O8761: 1 | P8761: 1 | Q8761: 1

Sheet DemandHourly
B1: MW | C1: MWh | D1: tons | E1: tons
B2: DK1 | C2: DK1 | D2: DK1 | E2: DK1
B3: Electricity | C3: Heat | D3: Methanol | E3: CO2
A4: Hour | B4: =CONCATENATE(B2,".",B3) -> DK1.Electricity | C4: =CONCATENATE(C2,".",C3) -> DK1.Heat | D4: =CONCATENATE(D2,".",D3) -> DK1.Methanol | E4: =CONCATENATE(E2,".",E3) -> DK1.CO2
A5: T0001 | B5: 0 | C5: 0 | D5: 0 | E5: 0
A6: T0002 | B6: 0 | C6: 0 | D6: 0 | E6: 0
A7: T0003 | B7: 0 | C7: 0 | D7: 0 | E7: 0
A8: T0004 | B8: 0 | C8: 0 | D8: 0 | E8: 0
A9: T0005 | B9: 0 | C9: 0 | D9: 0 | E9: 0
A10: T0006 | B10: 0 | C10: 0 | D10: 0 | E10: 0
A11: T0007 | B11: 0 | C11: 0 | D11: 0 | E11: 0
A12: T0008 | B12: 0 | C12: 0 | D12: 0 | E12: 0
A13: T0009 | B13: 0 | C13: 0 | D13: 0 | E13: 0
A14: T0010 | B14: 0 | C14: 0 | D14: 0 | E14: 0
A15: T0011 | B15: 0 | C15: 0 | D15: 0 | E15: 0
A16: T0012 | B16: 0 | C16: 0 | D16: 0 | E16: 0
... A8764: T8760 | B8764: 0 | C8764: 0 | D8764: 0 | E8764: 0

Sheet YearlyTargets
A1: Methanol
A2: 9000

Sheet DemandTarget
B1: tons
B2: DK1
B3: Methanol
A4: Step | B4: =CONCATENATE(B2,".",B3) -> DK1.Methanol
A5: Target1 | B5: =INDEX(YearlyTargets!$2:$2,MATCH($B$3,YearlyTargets!$1:$1,0))/52 -> 173.07692
A6: Target2 | B6: =INDEX(YearlyTargets!$2:$2,MATCH($B$3,YearlyTargets!$1:$1,0))/52 -> 173.07692
A7: Target3 | B7: =INDEX(YearlyTargets!$2:$2,MATCH($B$3,YearlyTargets!$1:$1,0))/52 -> 173.07692
A8: Target4 | B8: =INDEX(YearlyTargets!$2:$2,MATCH($B$3,YearlyTargets!$1:$1,0))/52 -> 173.07692
A9: Target5 | B9: =INDEX(YearlyTargets!$2:$2,MATCH($B$3,YearlyTargets!$1:$1,0))/52 -> 173.07692
A10: Target6 | B10: =INDEX(YearlyTargets!$2:$2,MATCH($B$3,YearlyTargets!$1:$1,0))/52 -> 173.07692
A11: Target7 | B11: =INDEX(YearlyTargets!$2:$2,MATCH($B$3,YearlyTargets!$1:$1,0))/52 -> 173.07692
A12: Target8 | B12: =INDEX(YearlyTargets!$2:$2,MATCH($B$3,YearlyTargets!$1:$1,0))/52 -> 173.07692
A13: Target9 | B13: =INDEX(YearlyTargets!$2:$2,MATCH($B$3,YearlyTargets!$1:$1,0))/52 -> 173.07692
A14: Target10 | B14: =INDEX(YearlyTargets!$2:$2,MATCH($B$3,YearlyTargets!$1:$1,0))/52 -> 173.07692
A15: Target11 | B15: =INDEX(YearlyTargets!$2:$2,MATCH($B$3,YearlyTargets!$1:$1,0))/52 -> 173.07692
A16: Target12 | B16: =INDEX(YearlyTargets!$2:$2,MATCH($B$3,YearlyTargets!$1:$1,0))/52 -> 173.07692
... A56: Target52 | B56: =INDEX(YearlyTargets!$2:$2,MATCH($B$3,YearlyTargets!$1:$1,0))/52 -> 173.07692

Sheet Price
B1: Tarrifs
B2: =100*0.134 -> 13.4
A4: Import | B4: Hydrogen | C4: 552.4
B6: EUR/MWh | C6: EUR/MWh | D6: EUR/MWh | E6: EUR/ton
B7: DK1 | C7: DK1 | D7: DK1 | E7: DK1
B8: Electricity | C8: Electricity | D8: NatGas | E8: H2
B9: Import | C9: Export | D9: Import | E9: Export
A10: Hour | B10: =CONCATENATE(B7,".",B8,".",B9) -> DK1.Electricity.Import | C10: =CONCATENATE(C7,".",C8,".",C9) -> DK1.Electricity.Export | D10: =CONCATENATE(D7,".",D8,".",D9) -> DK1.NatGas.Import | E10: =CONCATENATE(E7,".",E8,".",E9) -> DK1.H2.Export
A11: T0001 | B11: =C11+$B$2 -> 41.72 | C11: 28.32 | D11: 19.85 | E11: 3000
A12: T0002 | B12: =C12+$B$2 -> 23.47 | C12: 10.07 | D12: 19.85 | E12: 3000
A13: T0003 | B13: =C13+$B$2 -> 9.32 | C13: -4.08 | D13: 19.85 | E13: 3000
A14: T0004 | B14: =C14+$B$2 -> 3.49 | C14: -9.91 | D14: 19.85 | E14: 3000
A15: T0005 | B15: =C15+$B$2 -> 5.99 | C15: -7.41 | D15: 19.85 | E15: 3000
A16: T0006 | B16: =C16+$B$2 -> 0.85 | C16: -12.55 | D16: 19.85 | E16: 3000
A17: T0007 | B17: =C17+$B$2 -> -3.85 | C17: -17.25 | D17: 19.85 | E17: 3000
A18: T0008 | B18: =C18+$B$2 -> -1.67 | C18: -15.07 | D18: 19.85 | E18: 3000
A19: T0009 | B19: =C19+$B$2 -> 8.47 | C19: -4.93 | D19: 19.85 | E19: 3000
A20: T0010 | B20: =C20+$B$2 -> 7.07 | C20: -6.33 | D20: 19.85 | E20: 3000
A21: T0011 | B21: =C21+$B$2 -> 8.47 | C21: -4.93 | D21: 19.85 | E21: 3000
A22: T0012 | B22: =C22+$B$2 -> 13.85 | C22: 0.45 | D22: 19.85 | E22: 3000
... A8770: T8760 | B8770: =C8770+$B$2 -> 45.68 | C8770: 32.28 | D8770: 12.05 | E8770: 3000

Sheet ElSpot
A1: Hour | B1: ElSpot (EUR/MWh)
A2: T0001 | B2: 28.32
A3: T0002 | B3: 10.07
A4: T0003 | B4: -4.08
A5: T0004 | B5: -9.91
A6: T0005 | B6: -7.41
A7: T0006 | B7: -12.55
A8: T0007 | B8: -17.25
A9: T0008 | B9: -15.07
A10: T0009 | B10: -4.93
A11: T0010 | B11: -6.33
A12: T0011 | B12: -4.93
A13: T0012 | B13: 0.45
... A8761: T8760 | B8761: 32.28

Sheet InterconnectorCapacity
B1: MW
B2: DK1
B3: Electricity
A4: Hour | B4: =CONCATENATE(B2,".",B3) -> DK1.Electricity
A5: T0001 | B5: 579
A6: T0002 | B6: 579
A7: T0003 | B7: 579
A8: T0004 | B8: 579
A9: T0005 | B9: 579
A10: T0006 | B10: 579
A11: T0007 | B11: 579
A12: T0008 | B12: 579
A13: T0009 | B13: 579
A14: T0010 | B14: 579
A15: T0011 | B15: 579
A16: T0012 | B16: 579
... A28: T0024 | B28: 579
